plate_no,driver_name,phone,id_card,bank_card,secret_note
赣R21288,周艳超,19462122075,510104199502193503,1813135872198212,竞对报价底线备忘
青Y30842,杨敏伟,18053010827,110108198804096633,4707626155803529892,vip客户白名单渠道
吉L70707,张军磊,16881455839,440103196703196761,8657710185615450,高管直连专线号段
豫P82872,陈艳磊,17463326565,110108197611020187,1807879700003445,vip客户白名单渠道
青P01508,黄艳杰,17326982910,610102200109054714,504985522568025723,竞对报价底线备忘
新S61826,杨磊敏,19812802518,110105199107237272,34505255576425812,vip客户白名单渠道
贵P19333,陈勇超,17379788012,420102197407256082,48581540997171013,vip客户白名单渠道
贵N92606,刘军杰,14730333752,110108198312257656,5036838279283188,并购标的信息备注
豫G07346,张勇磊,17319660950,500103198509059523,4936826257911171,内部风控豁免名单
粤L60325,黄杰洋,16665820726,420102199912110884,4095983709161716066,内部风控豁免名单
甘P10312,王勇勇,19469120948,500103199511137177,7053532368873504,高管直连专线号段
鲁M70375,张军军,14915372930,500103196402129692,25291847717760812,vip客户白名单渠道
津X53398,吴敏芳,13547184690,420102198306152756,6612109324792285082,竞对报价底线备忘
赣S17881,吴娜静,15412650145,110108197908144594,65740522086265809,内部风控豁免名单
藏H76818,李静超,17037222514,440103197807259506,6395186045512057,内部薪酬Adjust系数勿外传
赣G06047,刘洋芳,19820897337,330102200007238275,89333160135248188,竞对报价底线备忘
湘U22436,张艳静,19603846654,330102198011049522,6027505812508962,高管直连专线号段
豫T82340,王杰静,16870730503,500103199802259705,6852478825624419652,高管直连专线号段
桂C20431,赵勇芳,16584791685,420102197902048862,3262164763939494,vip客户白名单渠道
新W13657,吴超磊,17053345193,610102197602221796,28627990884172822,内部风控豁免名单
辽F72870,赵军敏,17490882003,110101196501168413,9234254934385586,vip客户白名单渠道
皖Y76392,李敏勇,13239104196,110108198909091337,59853998690176804,内部风控豁免名单
陕M03184,李敏敏,18241119967,500103196605063048,3491423326553033,并购标的信息备注
冀C99443,杨洋洋,16223585823,420102198111245346,661883571245856019,竞对报价底线备忘
川L20730,杨杰磊,19771899450,420102198011143190,451475343004876137,并购标的信息备注
辽C68825,赵娜静,13276350229,420102196212265849,2075380109202252085,内部薪酬Adjust系数勿外传
赣N92655,赵磊娜,14228477695,610102199706048755,1735823235378069,内部风控豁免名单
浙Z72857,黄艳军,19392760992,110101198905099265,83656188085646954,内部风控豁免名单
琼K32697,赵军艳,19856389581,110108196209085834,2995776190998938,vip客户白名单渠道
渝V74337,王娜超,15324049647,330102198912212104,75497115627016072,内部薪酬Adjust系数勿外传
藏M94659,吴杰芳,19452423406,110108199010242090,1813617490284705434,vip客户白名单渠道
川J62119,刘军敏,13744297513,440103198501245798,569925217993985486,内部薪酬Adjust系数勿外传
黑S43528,陈洋芳,18390039692,610102199610037613,3141313493986708,竞对报价底线备忘
琼T04170,李娜娜,13413032226,110101199605156058,437330496349525241,内部风控豁免名单
川G34053,李杰洋,14427328927,110108198101173137,0897943007530329261,并购标的信息备注
贵Y65090,赵勇伟,13133398967,110105199908163437,65146166251035637,vip客户白名单渠道
黑W32784,张勇艳,17725277386,500103198511122691,5942304504463571218,高管直连专线号段
黑W62343,张军洋,17233849001,110105199810163674,0524346005542927,高管直连专线号段
吉F00451,杨芳艳,16720225702,500103197105065308,9626588133004960607,高管直连专线号段
赣Q14176,刘军静,14642337820,110101198209276168,88421417958871263,vip客户白名单渠道
沪M86528,刘艳勇,13474866823,110108197101078389,58828079591246006,高管直连专线号段
豫H43288,赵伟超,19479792151,110108199712147514,128855839619446913,内部风控豁免名单
浙R66294,周艳艳,19301686847,110105197905268859,817597980392039581,竞对报价底线备忘
沪H28051,刘娜娜,14387391234,330102199811204783,763145478775376780,vip客户白名单渠道
闽P42513,刘洋敏,19600457467,310101199801050362,18180092169193928,竞对报价底线备忘
藏R58533,赵娜芳,14202057866,110101198506043707,4739136400473254,vip客户白名单渠道
赣A44193,陈艳静,15695795226,330102197501252633,69803736785303986,vip客户白名单渠道
青P10676,周静洋,19731646279,110101196806106571,25679307167193693,并购标的信息备注
皖A54160,王娜洋,18715072374,110108199408051788,935996286093241998,高管直连专线号段
藏W97598,刘超超,15377083309,110101199908031439,758501159630086719,竞对报价底线备忘
藏Z17790,陈超杰,19345944033,42010219860506705X,9454407460012311267,内部风控豁免名单
吉J26495,赵娜娜,18474735972,310101198006124540,1178578568224127531,并购标的信息备注
辽X06136,周超洋,16986432060,110101196808274181,060147764768072372,高管直连专线号段
湘B54574,刘磊伟,17295546368,420102197711175666,3942476780423908,内部薪酬Adjust系数勿外传
皖X64809,王伟勇,14146600376,420102198210193350,45399042431362223,竞对报价底线备忘
桂T54407,刘敏军,13317726416,420102199311279393,0494893304486005,vip客户白名单渠道
鄂R78385,张芳伟,14538572956,330102198408129651,3344882571932383,高管直连专线号段
黑X05628,杨伟伟,16405084895,110105196304289422,240896413301951608,并购标的信息备注
蒙C38093,吴芳芳,17538626731,440103198112114348,2292481196563949507,竞对报价底线备忘
赣U57556,张磊敏,19169045154,110101199901136705,56980766257523995,竞对报价底线备忘
皖R57079,周超静,17866971002,110101199608136925,3550890226850685,vip客户白名单渠道
吉K71213,黄静静,18736860941,31010119830513778X,3446773012130371232,vip客户白名单渠道
贵B35659,吴静芳,15068966884,610102197608020063,158170244132594122,vip客户白名单渠道
湘U54145,赵杰娜,17378404453,420102198204040593,2877468140103896807,高管直连专线号段
赣R38280,张杰洋,13540865902,110108197208019119,099178044812775779,并购标的信息备注
闽X08358,周静洋,17451207984,61010219910127598X,29500215220732281,内部风控豁免名单
甘Z72656,黄杰娜,14818422244,440103200007024404,4950960281733540,并购标的信息备注
宁Z89322,周艳杰,13712791746,330102199402221240,37044895278295855,内部风控豁免名单
辽U65912,李磊伟,18141610311,110101197006108848,796687118445026381,高管直连专线号段
皖L87859,刘磊超,17872264052,110108197406133916,2400861168862842,竞对报价底线备忘
皖C63633,李静洋,13613957612,330102196910024151,7066020311757447017,vip客户白名单渠道
云Q88800,陈杰勇,14166583653,420102197002143266,541000373456522113,内部风控豁免名单
宁X14396,杨勇伟,14953118340,440103199906193249,2016929325405148,并购标的信息备注
鄂X82491,刘娜芳,13118050220,440103198404252101,684396836065549255,内部风控豁免名单
闽N90042,张洋伟,13210046134,110108197904047690,37888465918011515,内部薪酬Adjust系数勿外传
琼V10289,赵勇静,15344727858,420102196312018917,6800336859818749,并购标的信息备注
皖Z53993,周勇芳,14752047638,110108196802229472,530295508619761259,竞对报价底线备忘
津J59149,张磊勇,18647386696,510104198301081199,33173230697110174,并购标的信息备注
琼P79279,吴勇芳,13553863230,440103197704275239,5272374273484435,竞对报价底线备忘
湘Y39970,周军娜,15012055687,330102196808258162,15247745477632898,vip客户白名单渠道
吉U87885,陈军芳,17759212315,110108199011227618,57706007702048309,内部风控豁免名单
宁J74422,赵磊勇,15533221225,310101199908187019,7658997514196440,竞对报价底线备忘
吉S15747,周洋超,16461800100,420102198909143525,58976877400672696,内部风控豁免名单
渝A47724,张磊芳,15426086366,510104196910176637,599332605122602051,竞对报价底线备忘
渝F77366,陈娜静,17704919218,510104196905085781,4953987072420464697,内部薪酬Adjust系数勿外传
闽B67349,张杰艳,16009933783,440103198807035662,3830325999460786,高管直连专线号段
云Z22247,王艳勇,16626585458,440103197307091428,0901617572003656040,高管直连专线号段
藏Y07137,王军杰,14130749725,500103199006210273,42736064437414989,内部风控豁免名单
辽S66079,杨超芳,17994939109,330102197610035072,7498947538060915687,内部风控豁免名单
苏W78022,赵杰敏,16564086685,500103196307148000,833855514300397395,竞对报价底线备忘
吉C20598,李杰艳,16221319058,110105198602124940,812303133509652252,vip客户白名单渠道
藏P72206,张磊杰,15165508148,110108197204147869,4274246740190697005,vip客户白名单渠道
蒙D21002,陈艳磊,18021590382,420102199204196904,170625899055561485,vip客户白名单渠道
黑N40254,杨娜敏,13801375348,500103196612085405,1574586923431052,vip客户白名单渠道
辽M63126,王磊芳,13791380415,11010819830816510X,39163909788160318,内部薪酬Adjust系数勿外传
藏H20184,张艳洋,19480684350,110105196703224335,6923392519481149,竞对报价底线备忘
豫L39265,黄静敏,19058253106,31010119870308306X,3967625141131226,高管直连专线号段
蒙T91834,吴杰敏,13457216339,310101200111148683,56624763877940461,竞对报价底线备忘
粤P44538,吴艳洋,15276804990,110105199106019783,72721413044428862,竞对报价底线备忘
青J75389,黄芳超,15826468729,110105196608036977,421687846087644062,高管直连专线号段
闽Z51484,吴军杰,18997569520,110101199708069336,467227881655420181,高管直连专线号段
甘J97029,陈超敏,13573512467,610102198408219750,8059639875504381858,竞对报价底线备忘
琼R89843,王超伟,18045357302,110108197510081159,2668311561451634,高管直连专线号段
冀H30311,吴娜杰,13368256406,500103197812083660,4930410938702347419,vip客户白名单渠道
鲁U56018,陈军超,13891987924,110105196909182329,518435235905703698,并购标的信息备注
豫W80887,张超静,14877555284,11010520020118204X,1080983362334002314,内部风控豁免名单
宁T59982,张伟勇,15679380216,330102198108278022,262000701546592493,内部薪酬Adjust系数勿外传
青Q84880,黄娜芳,13503214547,440103197006242368,30186441292900957,内部风控豁免名单
辽N80144,刘静勇,18133511614,110101197907276320,36376930018973030,内部薪酬Adjust系数勿外传
沪Y03421,张磊勇,19666197808,110101196610140874,1867803939230779877,并购标的信息备注
蒙T50691,张敏磊,18921589797,51010419840322471X,9808262604013335,vip客户白名单渠道
鲁M49216,王勇磊,19216075014,330102197704208835,04474597103333179,vip客户白名单渠道
湘S38228,吴军军,14420349147,510104197811021466,2102581434536944,并购标的信息备注
青D24077,杨艳伟,19309949206,610102196710125166,3854955140252889,内部风控豁免名单
闽P64414,赵敏艳,15312840257,510104200210192459,3973187752634966,内部薪酬Adjust系数勿外传
沪R87996,赵杰静,14473967781,420102196205082817,7672641906894491,高管直连专线号段
皖U10154,赵敏伟,15626576747,510104197504219544,90577534013074937,竞对报价底线备忘
宁Q91527,周芳芳,13057626974,500103197002254878,31114930329595934,竞对报价底线备忘
云S83091,杨艳芳,14648776523,110105198204098126,6353191176171904943,内部风控豁免名单
川Q89894,张磊超,17420365374,110101199007266601,60669660953376040,竞对报价底线备忘
青R09723,杨超洋,17468874485,310101196207041179,99441746753397501,内部风控豁免名单
桂J42182,吴伟艳,18358846192,420102199305243917,317666079432403936,竞对报价底线备忘
皖J63191,赵芳军,16343284323,310101198301053810,285931813652438299,vip客户白名单渠道
浙L27635,黄艳艳,13004989689,51010419991024420X,2304599268459195,vip客户白名单渠道
苏J46909,黄超艳,18402611384,610102197110046442,5387881368415811,内部风控豁免名单
云T99640,王勇敏,13973445170,110101198511053651,9160340945505575744,内部薪酬Adjust系数勿外传
川H33193,李敏静,17601561202,610102198712196442,9144635558689304,竞对报价底线备忘
黑B64007,陈磊军,16581729208,110108200206215145,5188170252997906317,竞对报价底线备忘
沪L56318,刘静杰,18580501421,510104199706089353,206492425049215343,竞对报价底线备忘
晋Y31770,杨勇磊,13560841366,110101198306220414,1472917184675371,vip客户白名单渠道
鄂B63679,杨杰娜,14784390943,420102199202046937,2255879236135947782,高管直连专线号段
藏K62066,黄伟娜,19149543315,440103198407242590,5734578617927097,并购标的信息备注
冀D15377,黄军杰,19760092152,610102196311250533,0084487608675383,竞对报价底线备忘
青L13017,杨军静,17544121884,440103199312171413,2341787368872642869,高管直连专线号段
皖L89305,李勇芳,14839264728,610102197901096729,414961241049599194,vip客户白名单渠道
赣P29717,李洋敏,13172082434,610102196610122398,6742071099956899,高管直连专线号段
闽H16183,刘伟芳,16588820390,420102200109239836,7147119415764443115,内部薪酬Adjust系数勿外传
贵H95445,吴勇芳,13071405475,110108196901221871,3446960063301304,内部风控豁免名单
京B94438,赵娜娜,14354619720,11010119640427496X,314434524555845585,内部风控豁免名单
陕D81034,陈芳伟,13032471731,420102197402099225,2916827294754721,高管直连专线号段
云R50535,赵静静,13944667473,310101198807244649,2113154843118626,并购标的信息备注
川K74021,吴磊洋,16216785366,110105199112196305,40937328888384574,竞对报价底线备忘
青W85329,吴超敏,14411502415,500103198705128266,1197948848190220,内部薪酬Adjust系数勿外传
沪A01763,王磊勇,14383612456,440103199501094058,71955575254895219,高管直连专线号段
宁L85008,陈军杰,15387392318,500103198104164931,2102086283426809,vip客户白名单渠道
湘N49641,吴艳娜,15912929627,110101198504072598,61440953659380596,高管直连专线号段
渝K68155,刘军艳,17567673089,610102199404154050,6712973829928229,vip客户白名单渠道
新S19145,张勇敏,18575008378,500103197610193052,6668992822225791,内部薪酬Adjust系数勿外传
豫W09192,王超静,15609103739,61010219860116945X,840525876772374557,内部风控豁免名单
宁E96185,杨芳磊,16518516160,610102200004067930,22342620612464871,竞对报价底线备忘
京V17981,黄军艳,19805927603,420102198511232843,4654046720577623282,并购标的信息备注
云R75533,周超军,18590356638,110101199804065298,73875116125116866,vip客户白名单渠道
新B49338,吴磊芳,16109030255,420102199901275552,2506538850653376460,高管直连专线号段
甘L24390,杨勇娜,16593802930,500103197905012909,998072590470128172,竞对报价底线备忘
闽W75082,张芳静,13177415379,33010219731212734X,2935297032051737385,竞对报价底线备忘
津F76320,周艳杰,16893886796,510104199803141926,4152000000148923647,竞对报价底线备忘
云K04823,周艳娜,18999344743,610102196511221147,914504920369655073,高管直连专线号段
湘U84719,陈洋洋,18848502420,510104200007039555,06451221500040517,竞对报价底线备忘
苏B74971,吴磊芳,19174163913,610102198602050549,74488227714796732,内部风控豁免名单
桂V90220,周艳军,17028408706,33010219901205845X,9705616194848125,并购标的信息备注
豫M40878,李静静,16568236087,11010819720215642X,72258719318422204,高管直连专线号段
津T80598,赵勇杰,19269043777,310101199005257098,6418437177355680478,内部风控豁免名单
湘M05851,张磊伟,18924516074,110101199705203800,3195094013085375355,高管直连专线号段
鄂U91432,刘伟超,14064227532,310101200002090400,79640165019006395,内部风控豁免名单
云X33668,黄磊杰,14024556466,110108199006155680,289200906429139467,竞对报价底线备忘
粤K89620,李超娜,14703222886,500103198201106370,7951262977713387,内部薪酬Adjust系数勿外传
吉C62828,吴军静,17826661807,44010319820710517X,41576271173054342,高管直连专线号段
皖T70582,赵敏伟,17983204932,51010419871107272X,94156767727042698,高管直连专线号段
粤C55422,陈静杰,18871261453,110105198006187224,540364037110556112,内部薪酬Adjust系数勿外传
豫Q15955,王超伟,19491537816,510104199607223203,33255870894861383,高管直连专线号段
苏W73230,周娜娜,18450523198,330102197011042852,981675044489846611,内部薪酬Adjust系数勿外传
辽D49072,黄勇磊,14293497058,110101198203199763,6849101279457874206,高管直连专线号段
鲁F17655,王磊勇,15260614963,330102198705140814,2868059237533177149,竞对报价底线备忘
苏V08533,刘芳超,17667856019,500103198605050924,195635667561233138,内部薪酬Adjust系数勿外传
湘J58520,杨敏敏,14689135663,440103198108093011,051415851338657149,vip客户白名单渠道
陕S01329,周静敏,19715482641,310101199611047963,5745663847556358,竞对报价底线备忘
鲁Z49332,杨静超,17317549431,110101198007231949,733209537992341426,并购标的信息备注
黑B08815,刘超洋,19213313920,330102196405100010,5999178911994859,vip客户白名单渠道
冀M09203,赵洋娜,14782930438,110101197901056888,406758984936516747,并购标的信息备注
晋W33097,李芳娜,18570516654,110105198312130808,1022786932427541,内部风控豁免名单
宁R30874,吴伟军,15427764173,310101197107175385,137832150305347533,竞对报价底线备忘
甘V60919,杨磊娜,13829821955,110108197710267484,344667872476139041,高管直连专线号段
浙C85146,王军芳,19565784592,610102199509153433,3825756746550163,内部薪酬Adjust系数勿外传
沪D86815,陈伟杰,14855832209,420102197608068643,5552669626379054,内部薪酬Adjust系数勿外传
鄂Z20459,张娜军,16826697769,500103197806121720,5829761338419424163,内部风控豁免名单
粤H18908,王军超,15677087065,310101196905267220,8151326579041202,竞对报价底线备忘
豫T02944,王伟军,14186537071,110105197603208121,0544710653140088265,内部风控豁免名单
新P70352,李敏洋,18592426913,420102197401062287,42874961635596388,内部薪酬Adjust系数勿外传
粤S57944,刘磊洋,14014631524,440103196901085819,1380047563503209,高管直连专线号段
甘P07692,杨静洋,13857833465,110105196510199671,529273755621895777,高管直连专线号段
新S09842,陈超磊,14201656584,610102200206022351,16954194397836365,内部风控豁免名单
贵N90944,吴军超,17849843702,11010819850514333X,3924591616651142,高管直连专线号段
闽B36169,黄磊洋,17626884370,420102198001257581,7402584338497284,vip客户白名单渠道
苏C52415,赵杰军,14331115361,330102197211058912,18792113091518683,竞对报价底线备忘
鲁J48899,赵娜艳,19442920290,420102197611068038,966254232247160595,并购标的信息备注
沪W84670,陈静军,17970216992,330102197406090023,6140250708640445,vip客户白名单渠道
京A49476,陈伟静,18780855673,330102198408272618,22089262458408261,竞对报价底线备忘
闽C84613,刘伟敏,17475245215,610102199112200633,2088474885000008924,竞对报价底线备忘
渝R42488,王芳勇,16390034080,33010219860906871X,658739221837215339,并购标的信息备注
黑H50184,刘军洋,19807609532,110105196603021696,095430609691049363,内部风控豁免名单
